{
    "bookmarks": [
        {
            "pageid": 29,
            "title": "",
            "x": -57.49999828636651,
            "y": 186.99999442696588
        }
    ]
}
